102,Glasgow,Edinburgh
103,Glasgow,Edinburgh
104,Glasgow,Edinburgh
105,Glasgow,Edinburgh
106,Glasgow,Edinburgh
107,Glasgow,Edinburgh
108,Glasgow,Edinburgh
109,Glasgow,Edinburgh
110,Glasgow,Edinburgh
111,Glasgow,Edinburgh
112,Glasgow,Edinburgh
113,Glasgow,Edinburgh
114,Glasgow,Edinburgh
115,Glasgow,Edinburgh
116,Glasgow,Edinburgh
117,Glasgow,Edinburgh
118,Glasgow,Edinburgh
119,Glasgow,Edinburgh
120,Glasgow,Edinburgh
121,Glasgow,Edinburgh
122,Glasgow,Edinburgh
123,Glasgow,Edinburgh
124,Glasgow,Edinburgh
125,Glasgow,Edinburgh
126,Glasgow,Edinburgh
127,Glasgow,Edinburgh
128,Glasgow,Edinburgh
129,Glasgow,Edinburgh
130,Glasgow,Edinburgh
131,Glasgow,Edinburgh
132,Glasgow,Edinburgh
133,Glasgow,Edinburgh
134,Glasgow,Edinburgh
135,Glasgow,Edinburgh
136,Glasgow,Edinburgh
137,Glasgow,Edinburgh
138,Glasgow,Edinburgh
139,Edinburgh,Glasgow
140,Edinburgh,Glasgow
141,Edinburgh,Glasgow
142,Edinburgh,Glasgow
143,Edinburgh,Glasgow
144,Edinburgh,Glasgow
145,Edinburgh,Glasgow
146,Edinburgh,Glasgow
147,Edinburgh,Glasgow
148,Edinburgh,Glasgow
149,Edinburgh,Glasgow
150,Edinburgh,Glasgow
151,Edinburgh,Glasgow
152,Edinburgh,Glasgow
153,Edinburgh,Glasgow
154,Edinburgh,Glasgow
155,Edinburgh,Glasgow
156,Edinburgh,Glasgow
157,Edinburgh,Glasgow
158,Edinburgh,Glasgow
159,Edinburgh,Glasgow
160,Edinburgh,Glasgow
161,Edinburgh,Glasgow
162,Edinburgh,Glasgow
163,Edinburgh,Glasgow
164,Edinburgh,Glasgow
165,Edinburgh,Glasgow
166,Edinburgh,Glasgow
167,Edinburgh,Glasgow
168,Edinburgh,Glasgow
169,Edinburgh,Glasgow
170,Edinburgh,Glasgow
171,Edinburgh,Glasgow
172,Edinburgh,Glasgow
173,Edinburgh,Glasgow
174,Edinburgh,Glasgow
175,Edinburgh,Glasgow
176,Edinburgh,Glasgow
177,Edinburgh,Glasgow
178,Edinburgh,Glasgow
179,Edinburgh,Glasgow
180,Edinburgh,Glasgow
181,Edinburgh,Glasgow
182,Edinburgh,Glasgow
183,Edinburgh,Glasgow
184,Edinburgh,Glasgow
185,Edinburgh,Glasgow
186,Edinburgh,Glasgow
187,Edinburgh,Glasgow
188,Edinburgh,Glasgow
189,Edinburgh,Glasgow
190,Edinburgh,Glasgow
191,Edinburgh,Glasgow
192,Edinburgh,Glasgow
193,Edinburgh,Glasgow
194,Edinburgh,Glasgow
195,Edinburgh,Glasgow
196,Glasgow,Milngavie
197,Glasgow,Milngavie
198,Glasgow,Milngavie
199,Glasgow,Milngavie
200,Glasgow,Milngavie
201,Glasgow,Milngavie
202,Glasgow,Milngavie
203,Glasgow,Milngavie
204,Glasgow,Milngavie
205,Glasgow,Milngavie
206,Glasgow,Milngavie
207,Glasgow,Milngavie
208,Glasgow,Milngavie
209,Glasgow,Milngavie
210,Glasgow,Milngavie
211,Glasgow,Milngavie
212,Glasgow,Milngavie
213,Glasgow,Milngavie
214,Glasgow,Milngavie
215,Glasgow,Milngavie
216,Glasgow,Milngavie
217,Glasgow,Milngavie
218,Glasgow,Milngavie
219,Glasgow,Milngavie
220,Edinburgh,Livingston
221,Edinburgh,Livingston
222,Edinburgh,Livingston
223,Edinburgh,Livingston
224,Edinburgh,Livingston
225,Edinburgh,Livingston
226,Edinburgh,Livingston
227,Edinburgh,Livingston
228,Edinburgh,Livingston
229,Edinburgh,Livingston
230,Edinburgh,Livingston
231,Edinburgh,Livingston
232,Edinburgh,Livingston
233,Edinburgh,Livingston
234,Edinburgh,Livingston
124,Glasgow,Bearsden
125,Glasgow,Bearsden
126,Glasgow,Bearsden
127,Glasgow,Bearsden
128,Glasgow,Bearsden
129,Glasgow,Bearsden
130,Glasgow,Stirling
131,Glasgow,Stirling
132,Glasgow,Stirling
133,Glasgow,Stirling
134,Glasgow,Stirling
135,Glasgow,Stirling
136,Glasgow,Carlisle
137,Glasgow,Dumfries
138,Glasgow,Iona
139,Edinburgh,Stirling
140,Edinburgh,Stirling
141,Edinburgh,Stirling
142,Edinburgh,Stirling
143,Edinburgh,Stirling
144,Edinburgh,Stirling
145,Edinburgh,Stirling
146,Edinburgh,Stirling
147,Edinburgh,Stirling
148,Edinburgh,Stirling
149,Edinburgh,Stirling
150,Edinburgh,Stirling
151,Edinburgh,Stirling
152,Edinburgh,Stirling
153,Edinburgh,Stirling
154,Edinburgh,Stirling
209,Glasgow,Stirling
210,Glasgow,Stirling
211,Glasgow,Stirling
212,Glasgow,Stirling
213,Glasgow,Stirling
214,Glasgow,Alloa
215,Glasgow,Alloa
216,Glasgow,Alloa
217,Glasgow,Alloa
218,Glasgow,Alloa
219,Glasgow,Stirling
220,Edinburgh,Stirling
221,Edinburgh,Stirling
222,Edinburgh,Stirling
223,Edinburgh,Stirling
224,Edinburgh,Stirling
225,Edinburgh,Alloa
226,Edinburgh,Alloa
227,Edinburgh,Alloa
228,Edinburgh,Alloa
,,
211,Glasgow,Hamilton
212,Glasgow,Hamilton
213,Glasgow,Hamilton
214,Glasgow,Hamilton
215,Glasgow,Hamilton
216,Glasgow,Livingston
217,Glasgow,Greenock
218,Glasgow,Gourock
219,Glasgow,Dunoon
220,Edinburgh,Berwick
221,Edinburgh,Berwick
136,Glasgow,Bowling
137,Glasgow,Bowling
138,Glasgow,Bowling
139,Edinburgh,Cupar
140,Edinburgh,Cupar
141,Edinburgh,Cupar
142,Edinburgh,Cupar
139,Edinburgh,Castle Douglas
140,Edinburgh,Aberdeen
136,Glasgow,Aberdeen
137,Glasgow,Bridge of Allan
138,Glasgow,Bridge of Allan
139,Edinburgh,Dunblane
140,Edinburgh,Dunblane
141,Edinburgh,Musselburgh
142,Edinburgh,Musselburgh
